input_resize,video_top1_accuracy,chunk_top1_accuracy,prediction_switch_rate_avg,infer_avg_ms,tx_avg_ms,end_to_end_avg_ms,n_dropped_chunks
182,0.6180555555555556,0.5937903691331485,0.15764069240219078,10.981646023822329,266.09742094785065,333.889808646294,50.361111111111114
