label,n_samples,video_accuracy,avg_confidence
abseiling,3,0.6666666666666666,0.6756121238072713
air drumming,3,1.0,0.6853712665729033
answering questions,3,0.0,0.41285113538442936
applauding,3,0.0,0.3105906864007314
applying cream,3,0.6666666666666666,0.6446578322483639
archery,3,0.6666666666666666,0.6831344266022956
arm wrestling,2,1.0,0.9999987163714
