label,n_samples,accuracy
abseiling,3,0.6666666666666666
air drumming,3,0.6666666666666666
answering questions,3,0.3333333333333333
applauding,3,0.3333333333333333
applying cream,3,0.6666666666666666
archery,3,0.3333333333333333
arm wrestling,2,1.0
